Site,ID,C3L60 ,C3L117 ,C3L149 ,C3L221 ,C3L269 ,C3L265 
CHPO,MIG2,162/162,153/153,138/146,148/148,128/130,154/158
CHPO,MIG3,162/162,153/153,140/146,148/148,128/128,150/158
CHPO,MIG5,162/162,153/153,138/138,148/148,130/130,154/154
CHPO,MIG6,162/162,153/153,138/138,148/148,130/130,154/154
CHPO,MIG7,162/162,153/153,138/138,148/148,128/130,154/154
CHPO,MIG8,162/162,153/153,146/146,148/148,128/128,158/158
CHPO,MIG9,162/162,153/153,138/146,148/148,128/130,154/158
CHPO,MIG10,162/162,153/153,138/146,148/148,128/130,154/158
CHPO,MIG13,162/162,153/153,138/146,148/148,128/130,154/158
CHPO,MIG16,162/162,153/153,146/146,148/148,128/128,158/158
CHPO,MIG4,162/162,153/153,138/138,148/148,130/130,154/154
CHPO,MIG11,162/162,153/153,138/138,148/148,128/130,154/154
CHPO,MIG14,162/162,153/153,138/146,148/148,128/130,154/158
CHPO,MIG17,162/162,153/153,138/140,148/148,128/130,158/158
CHPO,MIG19,162/162,153/153,146/146,148/148,128/128,158/158
CHPO,MIG21,162/162,153/153,138/150,148/148,128/128,154/158
CHPO,MIG22,162/162,153/153,138/146,148/148,128/128,154/158
CHPO,MIG24,162/162,153/153,138/140,148/148,128/130,150/154
CHPO,80,162/162,153/153,138/138,148/148,130/130,154/154
CHPO,81,162/162,153/153,138/138,148/148,130/130,154/154
ILVA,Berb37_05,162/162,153/155,152/154,148/148,124/124,150/152
ILVA,Pol41_05,164/164,153/153,156/158,150/150,124/124,150/150
ILVA,Pol42_05,164/164,153/153,156/158,150/150,124/124,150/150
ILVA,Pol43_05,164/164,153/153,156/158,150/150,124/124,150/150
ILVA,Pol44_05,164/164,153/153,156/156,150/150,124/124,150/150
ILVA,Pol54_05,164/164,153/153,156/158,150/150,124/124,150/150
ILVA,Pol55_05,164/164,153/153,156/158,150/150,124/124,150/150
ILVA,Pol56_05,164/164,153/153,156/158,150/150,124/124,150/150
ILVA,Pol57_05,162/162,153/153,138/138,148/148,128/128,154/154
ILVA,Pol58_05,162/162,153/155,140/154,148/148,124/130,150/150
ILVA,SGIA17,162/162,153/153,140/140,148/148,128/128,158/158
ILVA,SGIA40,162/162,153/153,138/142,148/148,128/130,150/150
ILVA,SGIA46,162/162,153/153,138/142,148/148,128/130,150/150
ILVA,SGIA47,162/162,153/153,138/142,148/148,128/130,150/150
ILVA,SGIA48,162/162,153/153,138/138,148/148,130/130,150/150
ILVA,SGIA52,162/162,153/153,138/142,148/148,128/130,150/150
ILVA,Berb1,162/162,153/153,138/138,148/148,130/130,156/156
ILVA,Berb2,162/162,153/153,138/152,148/148,124/130,150/156
ILVA,Berb3,162/162,153/153,138/152,148/148,124/130,150/156
ILVA,GS16,162/162,153/153,138/154,144/148,124/128,150/154
ICRE,SERI1,162/164,153/153,154/160,148/150,116/132,150/150
ICRE,SERI2,162/164,153/153,148/154,148/148,128/134,148/150
ICRE,SERI3,162/162,153/153,150/154,148/148,128/128,150/150
ICRE,SERI4,162/162,153/153,150/154,148/148,128/128,150/154
ICRE,SERI5,162/162,153/153,150/154,148/148,128/128,150/150
ICRE,249,162/162,153/153,146/146,148/148,128/128,158/158
ICRE,250,162/162,153/153,152/152,152/152,128/128,150/150
ICRE,255,182/182,155/155,113/113,148/148,124/124,154/154
ICRE,275,162/162,153/153,152/152,152/152,128/128,150/150
ICRE,276,162/164,153/153,152/154,148/152,128/132,150/150
ICRE,Feng1,162/164,153/153,148/152,148/152,128/132,148/150
ICRE,Feng2,162/164,153/153,148/152,152/152,124/132,150/150
ICRE,Pedr1,162/162,153/153,152/152,152/152,128/128,150/150
ICRE,Pedr2,162/182,153/155,113/152,148/152,124/128,150/154
ICRE,Pedr3,162/164,153/153,152/154,148/152,128/132,150/150
ICRE,Pedr4,162/164,153/153,146/154,148/148,132/132,150/150
ICRE,Pedr5,162/182,153/155,113/152,148/152,124/128,150/154
ICRE,Pedr6,164/182,153/155,113/154,148/148,124/132,150/154
ICRE,Pedr7,162/164,153/153,152/154,148/152,128/132,150/150
ICRE,287,162/162,153/153,150/154,146/152,128/130,150/150
IGAL,246,162/162,153/153,146/146,148/148,128/128,158/158
IGAL,247,162/162,147/153,146/152,148/148,130/132,154/154
IGAL,248,162/162,153/153,146/146,148/148,128/128,158/158
IGAL,263,162/162,153/153,146/152,148/148,124/132,148/150
IGAL,264,162/162,147/153,146/152,148/148,130/132,150/154
IGAL,265,162/162,153/153,146/146,148/148,124/124,148/148
IGAL,266,162/162,153/153,146/152,148/148,124/132,148/150
IGAL,271,162/162,153/153,152/152,148/148,132/132,150/154
IGAL,272,162/162,147/153,146/146,148/148,124/130,148/154
IGAL,273,162/162,153/153,146/152,148/148,124/132,148/150
IGAL,MAS89_05,162/162,153/153,144/156,148/150,130/132,150/154
IGAL,MAS90_05,162/162,153/153,144/152,148/148,132/134,154/154
IGAL,MAS91_05,162/162,153/153,144/148,148/148,124/132,150/154
IGAL,MAS92_05,162/162,153/153,144/144,148/148,132/132,154/154
IGAL,MAS93_05,162/162,153/153,152/152,148/148,116/130,150/150
IGAL,MAS94_05,162/162,153/153,152/152,148/148,130/130,150/154
IGAL,MAS95_05,162/162,153/153,144/152,148/148,130/132,148/154
IGAL,MAS96_05,162/162,147/153,146/152,148/148,130/134,154/156
IGAL,MAS97_05,162/162,153/153,134/164,152/152,126/128,148/150
IGAL,MAS98_05,162/162,153/153,152/152,148/148,130/130,150/150
IBIN,251,162/162,153/153,150/150,146/146,130/130,150/150
IBIN,252,162/162,153/153,146/146,148/148,128/128,158/158
IBIN,253,162/162,153/153,152/156,148/148,120/128,148/150
IBIN,256,162/162,153/153,150/152,146/148,120/130,150/150
IBIN,282,162/162,153/153,150/150,146/146,130/130,150/150
IBIN,283,162/162,153/153,150/150,146/146,130/130,150/150
IBIN,284,162/162,153/153,150/150,146/146,130/130,150/150
IBIN,285,162/162,153/153,150/150,146/146,130/130,150/150
IBIN,286,162/162,153/153,150/154,146/146,130/130,150/150
IBIN,288,162/162,153/153,146/146,148/148,132/132,150/150
IBIN,CAS63_05,162/162,153/153,152/160,148/148,116/128,150/152
IBIN,CAS69_05,162/180,153/155,111/156,146/148,116/124,150/150
IBIN,CAS80_05,162/180,153/155,111/160,148/148,124/128,150/150
IBIN,CAS81_05,162/162,153/153,152/156,146/148,116/116,150/152
IBIN,CAS82_05,162/162,153/153,152/152,148/154,116/118,150/152
IBIN,CAS83_05,162/162,153/153,152/160,148/154,118/128,150/150
IBIN,CAS84_05,162/162,153/153,152/160,148/148,116/128,150/152
IBIN,CAS85_05,162/162,153/153,152/160,148/148,116/128,150/152
IBIN,CAS87_05,162/162,153/153,156/160,146/148,116/128,150/150
IBIN,CAS88_05,162/162,153/153,150/156,146/146,116/130,150/150
ST1,T1,162/162,153/153,113/154,148/150,124/132,148/150
ST1,T2,182/182,177/177,140/140,148/148,116/116,150/150
ST1,T3,162/162,153/157,121/146,146/146,122/128,152/152
ST1,T8,162/162,153/153,121/121,146/146,128/128,152/152
ST1,T9,162/162,153/153,121/121,146/146,128/128,152/152
ST1,T1_05,174/182,177/177,140/150,148/150,116/124,150/150
ST1,T2_05,174/174,153/153,150/150,150/150,124/124,150/150
ST1,T3_05,174/182,153/177,140/150,148/150,116/124,150/150
ST1,T5_05,182/182,177/177,140/140,148/148,116/116,150/150
ST1,T6_05,182/182,177/177,140/140,148/148,116/116,150/150
ST1,T7_05,182/182,177/177,140/140,148/148,116/116,150/150
ST1,T8_05,182/182,177/177,140/140,148/148,116/116,150/150
ST1,T9_05,182/182,177/177,140/140,148/148,116/116,150/150
ST1,T10_05,182/182,177/177,140/140,148/148,116/116,150/150
ST1,T11_05,182/182,177/177,140/140,148/148,116/116,150/150
ST1,MA2,162/182,157/177,121/140,144/148,116/128,150/150
ST1,MA3,162/182,157/177,121/140,144/148,116/128,150/150
ST1,MA7,162/162,157/157,121/121,144/148,128/128,150/150
ST1,MA9,162/182,157/177,121/140,144/148,116/128,150/150
ST1,MA10,182/182,177/177,140/140,148/148,116/116,150/150
ST2,VAR62_05,162/178,157/177,121/126,146/148,120/128,148/150
ST2,VAR66_05,180/180,157/157,140/140,158/158,116/116,148/148
ST2,VAR67_05,172/172,153/153,129/129,148/148,124/124,146/148
ST2,VAR68_05,162/178,155/157,126/146,144/146,120/122,132/140
ST2,VAR70_05,162/162,157/177,121/121,148/148,128/128,148/148
ST2,VAR72_05,162/172,153/157,121/129,148/148,124/128,148/148
ST2,VAR73_05,162/174,153/157,146/148,144/146,122/124,148/166
ST2,VAR74_05,162/172,153/153,129/142,148/148,124/128,146/148
ST2,VAR76_05,162/178,157/177,121/126,144/146,120/130,150/166
ST2,VAR77_05,172/172,153/153,129/129,148/148,124/124,148/148
ST2,VAR78_05,172/172,153/153,129/129,148/148,124/124,148/148
ST2,VAR79_05,162/172,153/157,121/129,148/148,124/128,146/148
ST2,VAR99_05,162/162,157/157,121/121,148/148,128/128,148/148
ST2,VAR100_05,172/172,153/153,129/129,148/148,124/124,146/148
ST2,VAR101_05,162/172,153/157,121/129,148/148,124/128,146/148
ST2,VAR102_05,162/172,153/157,121/129,148/148,124/128,148/148
ST2,VAR103_05,162/172,153/157,131/140,150/158,122/124,132/146
ST2,VAR104_05,162/172,153/153,131/140,150/158,122/124,132/166
ST2,VAR105_05,162/172,153/157,131/140,150/158,122/124,132/146
ST2,VAR106_05,162/162,153/157,121/140,144/150,122/128,132/166
STP,P25,162/172,171/183,129/144,144/156,118/124,156/166
STP,P26,162/172,175/183,129/129,152/156,118/124,156/158
STP,P27,162/182,169/171,138/144,144/144,116/124,156/166
STP,P39,162/172,171/183,129/144,144/156,118/124,156/166
STP,P42,162/172,157/169,126/126,126/136,118/124,146/156
STP,P38,162/172,169/175,126/129,134/156,118/126,148/158
STP,P40,172/180,157/173,125/129,126/144,112/118,156/166
STP,P43,180/180,157/157,125/125,144/144,112/112,156/156
STP,P44,162/180,157/157,125/129,144/150,112/124,158/158
STP,P45,180/180,157/157,125/125,144/144,112/112,144/148
STP,P30,180/180,169/173,125/140,128/144,112/116,144/146
STP,P31,174/174,169/169,125/125,128/128,112/112,158/158
STP,P32,174/174,169/169,125/125,128/128,112/112,158/158
STP,P33,172/174,155/169,125/125,128/128,112/124,156/158
STP,P34,172/174,155/169,125/125,128/128,112/124,156/158
STP,84,172/180,171/175,125/129,128/128,112/124,158/160
STP,85,172/180,171/175,125/129,128/138,112/124,158/160
STP,86,172/180,171/171,125/133,138/138,112/124,150/160
STP,92,172/180,171/175,125/129,128/138,112/124,158/160
STP,93,180/180,171/177,125/125,144/144,112/112,160/162
